{
  "tk": {
    "password": "03ac674216f3e15c761ee1a5e255f067953623c8b388b4459e13f978d7c846f4",
    "email": "tasnim.k@somaiya.edu",
    "user_type": "Home Gardener",
    "location": "mumbai,maharashtra",
    "farm_size": "",
    "created_date": "2025-06-21T08:24:45.604308",
    "last_login": null
  },
  "tkay": {
    "password": "03ac674216f3e15c761ee1a5e255f067953623c8b388b4459e13f978d7c846f4",
    "email": "tasnim.k@somaiya.edu",
    "user_type": "Home Gardener",
    "location": "mumbai,maharashtra",
    "farm_size": "",
    "created_date": "2025-06-21T08:25:07.364696",
    "last_login": "2025-06-21T08:25:28.795211"
  }
}